1	11177096	.	C	G	.	PASS	CIVIC_ID=CIVIC_1095,CIVIC_1096,CIVIC_1097
1	11177096	.	C	T	.	PASS	CIVIC_ID=CIVIC_1095,CIVIC_1096,CIVIC_1097
1	11184573	.	G	T	.	PASS	CIVIC_ID=CIVIC_1094
1	11184580	.	G	A	.	PASS	CIVIC_ID=CIVIC_1087
1	11187094	.	G	T	.	PASS	CIVIC_ID=CIVIC_1098,CIVIC_1099
1	11187096	.	A	G	.	PASS	CIVIC_ID=CIVIC_1098,CIVIC_1099
1	11187796	.	G	A	.	PASS	CIVIC_ID=CIVIC_1101,CIVIC_1102
1	11188519	.	G	A	.	PASS	CIVIC_ID=CIVIC_1091,CIVIC_1092
1	11190804	.	C	T	.	PASS	CIVIC_ID=CIVIC_1093
1	11217230	.	C	T	.	PASS	CIVIC_ID=CIVIC_1100
1	115256529	.	T	A	.	PASS	CIVIC_ID=CIVIC_652
1	115256529	.	T	C	.	PASS	CIVIC_ID=CIVIC_650
1	115256530	.	G	T	.	PASS	CIVIC_ID=CIVIC_645,CIVIC_646,CIVIC_647
1	115258744	.	C	T	.	PASS	CIVIC_ID=CIVIC_648
1	11856378	.	G	A	.	PASS	CIVIC_ID=CIVIC_1156
1	161479745	.	A	G	.	PASS	CIVIC_ID=CIVIC_1057,CIVIC_1058
1	161514542	.	A	C	.	PASS	CIVIC_ID=CIVIC_1060,CIVIC_1061
1	161643798	.	T	C	.	PASS	CIVIC_ID=CIVIC_1059
1	162724415	.	C	G	.	PASS	CIVIC_ID=CIVIC_869
1	162729630	.	T	G	.	PASS	CIVIC_ID=CIVIC_866
1	162729671	.	G	T	.	PASS	CIVIC_ID=CIVIC_865
1	162740208	.	T	G	.	PASS	CIVIC_ID=CIVIC_869
1	162741822	.	G	A	.	PASS	CIVIC_ID=CIVIC_870
1	162745497	.	A	T	.	PASS	CIVIC_ID=CIVIC_871
1	162748390	.	T	A	.	PASS	CIVIC_ID=CIVIC_868
1	162748390	.	T	G	.	PASS	CIVIC_ID=CIVIC_868
1	162748407	.	G	T	.	PASS	CIVIC_ID=CIVIC_867
1	65321333	.	G	A	.	PASS	CIVIC_ID=CIVIC_1135
1	8073509	.	C	A	.	PASS	CIVIC_ID=CIVIC_1304
10	104850745	.	T	G	.	PASS	CIVIC_ID=CIVIC_1269,CIVIC_1270
10	104852955	.	C	T	.	PASS	CIVIC_ID=CIVIC_1274,CIVIC_1275
10	104852980	.	T	G	.	PASS	CIVIC_ID=CIVIC_1271,CIVIC_1272,CIVIC_1273
10	123247505	.	A	C	.	PASS	CIVIC_ID=CIVIC_398
10	123247505	.	A	T	.	PASS	CIVIC_ID=CIVIC_398
10	123247577	.	A	C	.	PASS	CIVIC_ID=CIVIC_398
10	123247577	.	A	T	.	PASS	CIVIC_ID=CIVIC_398
10	123258034	.	A	C	.	PASS	CIVIC_ID=CIVIC_398
10	123258034	.	A	T	.	PASS	CIVIC_ID=CIVIC_398
10	43609950	.	C	G	.	PASS	CIVIC_ID=CIVIC_765
10	43617416	.	T	C	.	PASS	CIVIC_ID=CIVIC_766,CIVIC_767,CIVIC_768,CIVIC_769,CIVIC_770
10	89692904	.	C	T	.	PASS	CIVIC_ID=CIVIC_763
10	89717672	.	C	T	.	PASS	CIVIC_ID=CIVIC_753,CIVIC_754
11	108218044	.	A	C	.	PASS	CIVIC_ID=CIVIC_948
11	534285	.	C	T	.	PASS	CIVIC_ID=CIVIC_1129
11	67352689	.	A	G	.	PASS	CIVIC_ID=CIVIC_1115
12	25378561	.	G	A	.	PASS	CIVIC_ID=CIVIC_568
12	25398255	.	G	A	.	PASS	CIVIC_ID=CIVIC_567
12	25398281	.	C	T	.	PASS	CIVIC_ID=CIVIC_513,CIVIC_514,CIVIC_515,CIVIC_516,CIVIC_517
12	25398284	.	C	A	.	PASS	CIVIC_ID=CIVIC_519,CIVIC_520,CIVIC_521,CIVIC_522,CIVIC_523
12	25398284	.	C	G	.	PASS	CIVIC_ID=CIVIC_524
12	25398284	.	C	T	.	PASS	CIVIC_ID=CIVIC_525,CIVIC_526,CIVIC_527,CIVIC_528,CIVIC_529,CIVIC_530,CIVIC_531,CIVIC_532
12	25398285	.	C	A	.	PASS	CIVIC_ID=CIVIC_578,CIVIC_579,CIVIC_580,CIVIC_581,CIVIC_582
12	25398285	.	C	G	.	PASS	CIVIC_ID=CIVIC_584,CIVIC_585
12	58145431	.	G	A	.	PASS	CIVIC_ID=CIVIC_157
13	28592642	.	C	G	.	PASS	CIVIC_ID=CIVIC_443
13	28624294	.	G	A	.	PASS	CIVIC_ID=CIVIC_444
13	32968854	.	C	A	.	PASS	CIVIC_ID=CIVIC_127
13	32968854	.	C	G	.	PASS	CIVIC_ID=CIVIC_127
14	105239423	.	C	T	.	PASS	CIVIC_ID=CIVIC_20,CIVIC_21,CIVIC_22
14	105243048	.	G	T	.	PASS	CIVIC_ID=CIVIC_23
14	105246551	.	C	T	.	PASS	CIVIC_ID=CIVIC_20,CIVIC_21,CIVIC_22
15	66727451	.	A	C	.	PASS	CIVIC_ID=CIVIC_595
15	66729153	.	T	A	.	PASS	CIVIC_ID=CIVIC_594
15	66729154	.	G	C	.	PASS	CIVIC_ID=CIVIC_594
15	66729162	.	C	T	.	PASS	CIVIC_ID=CIVIC_592
15	90631838	.	C	T	.	PASS	CIVIC_ID=CIVIC_467,CIVIC_468,CIVIC_469
16	2130300	.	C	T	.	PASS	CIVIC_ID=CIVIC_833
16	69745031	.	G	A	.	PASS	CIVIC_ID=CIVIC_1031
16	69745145	.	G	A	.	PASS	CIVIC_ID=CIVIC_1031
17	33433425	.	G	A	.	PASS	CIVIC_ID=CIVIC_1193
17	33433484	.	CT	TA	.	PASS	CIVIC_ID=CIVIC_1193
17	37868205	.	G	C	.	PASS	CIVIC_ID=CIVIC_314
17	37879658	.	G	A	.	PASS	CIVIC_ID=CIVIC_315
17	37880220	.	T	C	.	PASS	CIVIC_ID=CIVIC_309,CIVIC_310,CIVIC_311
17	37880220	.	T	G	.	PASS	CIVIC_ID=CIVIC_313
17	37880261	.	G	C	.	PASS	CIVIC_ID=CIVIC_327
17	37880261	.	G	T	.	PASS	CIVIC_ID=CIVIC_320
17	37881000	.	G	C	.	PASS	CIVIC_ID=CIVIC_380,CIVIC_381
17	37881000	.	G	T	.	PASS	CIVIC_ID=CIVIC_380,CIVIC_381
17	37881024	.	CT	AG	.	PASS	CIVIC_ID=CIVIC_309,CIVIC_310,CIVIC_311
17	37881024	.	CTT	TGG	.	PASS	CIVIC_ID=CIVIC_313
17	37881332	.	G	A	.	PASS	CIVIC_ID=CIVIC_317,CIVIC_318
17	37881404	.	C	A	.	PASS	CIVIC_ID=CIVIC_377
17	37881616	.	C	T	.	PASS	CIVIC_ID=CIVIC_312
17	37883740	.	G	A	.	PASS	CIVIC_ID=CIVIC_317,CIVIC_318
17	7577120	.	C	T	.	PASS	CIVIC_ID=CIVIC_812,CIVIC_813
17	7577121	.	G	A	.	PASS	CIVIC_ID=CIVIC_818,CIVIC_819
17	7577538	.	C	T	.	PASS	CIVIC_ID=CIVIC_823,CIVIC_824
17	7577539	.	G	A	.	PASS	CIVIC_ID=CIVIC_827
17	7578406	.	C	T	.	PASS	CIVIC_ID=CIVIC_825,CIVIC_826
17	7579472	.	G	C	.	PASS	CIVIC_ID=CIVIC_809,CIVIC_810,CIVIC_811
17	7579548	.	G	A	.	PASS	CIVIC_ID=CIVIC_785
18	42531913	.	G	A	.	PASS	CIVIC_ID=CIVIC_1281
19	1220489	.	C	A	.	PASS	CIVIC_ID=CIVIC_1214
19	1220489	.	C	G	.	PASS	CIVIC_ID=CIVIC_1214
19	44051040	.	T	C	.	PASS	CIVIC_ID=CIVIC_1244,CIVIC_1245
19	44055726	.	T	C	.	PASS	CIVIC_ID=CIVIC_1244,CIVIC_1245
19	44057574	.	G	A	.	PASS	CIVIC_ID=CIVIC_1243
19	45854919	.	T	G	.	PASS	CIVIC_ID=CIVIC_1049,CIVIC_1050
19	7975157	.	G	A	.	PASS	CIVIC_ID=CIVIC_1186
2	198266834	.	T	C	.	PASS	CIVIC_ID=CIVIC_783
2	198267359	.	C	A	.	PASS	CIVIC_ID=CIVIC_784
2	198267359	.	C	G	.	PASS	CIVIC_ID=CIVIC_784
2	202149589	.	G	C	.	PASS	CIVIC_ID=CIVIC_1017
2	209113112	.	C	T	.	PASS	CIVIC_ID=CIVIC_450
2	209113113	.	G	A	.	PASS	CIVIC_ID=CIVIC_447,CIVIC_448,CIVIC_449
2	29432664	.	C	T	.	PASS	CIVIC_ID=CIVIC_5,CIVIC_6,CIVIC_7,CIVIC_8,CIVIC_9,CIVIC_10
2	29436859	.	A	C	.	PASS	CIVIC_ID=CIVIC_1,CIVIC_2
2	29443695	.	G	T	.	PASS	CIVIC_ID=CIVIC_11,CIVIC_12,CIVIC_13,CIVIC_14,CIVIC_15,CIVIC_16,CIVIC_17,CIVIC_18,CIVIC_19
2	29443697	.	A	G	.	PASS	CIVIC_ID=CIVIC_11,CIVIC_12,CIVIC_13,CIVIC_14,CIVIC_15,CIVIC_16,CIVIC_17,CIVIC_18,CIVIC_19
22	22127164	.	C	T	.	PASS	CIVIC_ID=CIVIC_1184
3	10191605	.	C	T	.	PASS	CIVIC_ID=CIVIC_908
3	138665163	.	G	C	.	PASS	CIVIC_ID=CIVIC_959
3	178928226	.	C	T	.	PASS	CIVIC_ID=CIVIC_711
3	178936082	.	G	A	.	PASS	CIVIC_ID=CIVIC_670,CIVIC_671,CIVIC_672,CIVIC_673,CIVIC_674,CIVIC_675,CIVIC_676,CIVIC_677
3	178936091	.	G	A	.	PASS	CIVIC_ID=CIVIC_660,CIVIC_661,CIVIC_662,CIVIC_663,CIVIC_664,CIVIC_665
3	178952085	.	A	G	.	PASS	CIVIC_ID=CIVIC_696,CIVIC_697,CIVIC_698,CIVIC_699,CIVIC_700,CIVIC_701,CIVIC_702,CIVIC_703,CIVIC_704,CIVIC_705,CIVIC_706,CIVIC_707,CIVIC_708
3	38182641	.	T	C	.	PASS	CIVIC_ID=CIVIC_1161,CIVIC_1162,CIVIC_1163
4	1803568	.	C	G	.	PASS	CIVIC_ID=CIVIC_401
4	1806099	.	A	G	.	PASS	CIVIC_ID=CIVIC_400
4	55141036	.	T	C	.	PASS	CIVIC_ID=CIVIC_712
4	55152092	.	G	T	.	PASS	CIVIC_ID=CIVIC_722
4	55152092	.	GA	AT	.	PASS	CIVIC_ID=CIVIC_721
4	55152093	.	A	T	.	PASS	CIVIC_ID=CIVIC_715,CIVIC_716,CIVIC_717,CIVIC_718,CIVIC_719,CIVIC_720
4	55593464	.	A	C	.	PASS	CIVIC_ID=CIVIC_510,CIVIC_511
4	55593464	.	A	T	.	PASS	CIVIC_ID=CIVIC_510,CIVIC_511
4	55593661	.	T	C	.	PASS	CIVIC_ID=CIVIC_503,CIVIC_504,CIVIC_505
4	55594258	.	T	C	.	PASS	CIVIC_ID=CIVIC_507,CIVIC_508
4	55599321	.	A	T	.	PASS	CIVIC_ID=CIVIC_482,CIVIC_483,CIVIC_484
4	55599333	.	A	T	.	PASS	CIVIC_ID=CIVIC_482,CIVIC_483,CIVIC_484
4	55955969	.	C	T	.	PASS	CIVIC_ID=CIVIC_1138
4	55961059	.	G	A	.	PASS	CIVIC_ID=CIVIC_1140
4	55968180	.	T	A	.	PASS	CIVIC_ID=CIVIC_1139
4	89052323	.	G	T	.	PASS	CIVIC_ID=CIVIC_1255
6	152415537	.	T	C	.	PASS	CIVIC_ID=CIVIC_387
6	152419920	.	TC	AA	.	PASS	CIVIC_ID=CIVIC_393,CIVIC_394
6	152419922	.	T	A	.	PASS	CIVIC_ID=CIVIC_385,CIVIC_386
6	152419923	.	A	C	.	PASS	CIVIC_ID=CIVIC_395,CIVIC_396
6	152419923	.	A	G	.	PASS	CIVIC_ID=CIVIC_389,CIVIC_390
6	152419926	.	A	G	.	PASS	CIVIC_ID=CIVIC_391,CIVIC_392
6	152420036	.	T	C	.	PASS	CIVIC_ID=CIVIC_387
7	116423407	.	G	A	.	PASS	CIVIC_ID=CIVIC_890
7	128849189	.	G	C	.	PASS	CIVIC_ID=CIVIC_1209,CIVIC_1210,CIVIC_1211
7	140453134	.	T	C	.	PASS	CIVIC_ID=CIVIC_30
7	140453135	.	CA	GT	.	PASS	CIVIC_ID=CIVIC_62
7	140453136	.	A	T	.	PASS	CIVIC_ID=CIVIC_63,CIVIC_64,CIVIC_65,CIVIC_66,CIVIC_67,CIVIC_68,CIVIC_69,CIVIC_70,CIVIC_71,CIVIC_72,CIVIC_73,CIVIC_74,CIVIC_75,CIVIC_76,CIVIC_77,CIVIC_78,CIVIC_79,CIVIC_80,CIVIC_81,CIVIC_82,CIVIC_83,CIVIC_84,CIVIC_85,CIVIC_86,CIVIC_87,CIVIC_88,CIVIC_89,CIVIC_90,CIVIC_91,CIVIC_92,CIVIC_93,CIVIC_94,CIVIC_95,CIVIC_96,CIVIC_97,CIVIC_98,CIVIC_99,CIVIC_100,CIVIC_101,CIVIC_102,CIVIC_103,CIVIC_104,CIVIC_105,CIVIC_106
7	140453136	.	AC	TT	.	PASS	CIVIC_ID=CIVIC_59,CIVIC_60,CIVIC_61
7	140453145	.	A	C	.	PASS	CIVIC_ID=CIVIC_41,CIVIC_42
7	140453145	.	A	T	.	PASS	CIVIC_ID=CIVIC_55
7	140453145	.	AG	GA	.	PASS	CIVIC_ID=CIVIC_31,CIVIC_32
7	140453146	.	G	C	.	PASS	CIVIC_ID=CIVIC_108
7	140453149	.	C	A	.	PASS	CIVIC_ID=CIVIC_38
7	140453154	.	T	A	.	PASS	CIVIC_ID=CIVIC_34
7	140453154	.	T	C	.	PASS	CIVIC_ID=CIVIC_27,CIVIC_28,CIVIC_29
7	140453154	.	T	G	.	PASS	CIVIC_ID=CIVIC_58
7	140477794	.	A	T	.	PASS	CIVIC_ID=CIVIC_56,CIVIC_57
7	140477859	.	TT	CA	.	PASS	CIVIC_ID=CIVIC_107
7	55227884	.	C	T	.	PASS	CIVIC_ID=CIVIC_269
7	55227926	.	G	A	.	PASS	CIVIC_ID=CIVIC_261,CIVIC_262
7	55227926	.	G	C	.	PASS	CIVIC_ID=CIVIC_261,CIVIC_262
7	55227933	.	A	C	.	PASS	CIVIC_ID=CIVIC_238,CIVIC_239
7	55228009	.	C	A	.	PASS	CIVIC_ID=CIVIC_256,CIVIC_257,CIVIC_258,CIVIC_259
7	55228009	.	C	G	.	PASS	CIVIC_ID=CIVIC_256,CIVIC_257,CIVIC_258,CIVIC_259
7	55241707	.	G	A	.	PASS	CIVIC_ID=CIVIC_253,CIVIC_254,CIVIC_255
7	55241722	.	G	A	.	PASS	CIVIC_ID=CIVIC_270
7	55242487	.	C	T	.	PASS	CIVIC_ID=CIVIC_273
7	55249005	.	G	T	.	PASS	CIVIC_ID=CIVIC_267,CIVIC_268
7	55249071	.	C	T	.	PASS	CIVIC_ID=CIVIC_288,CIVIC_289,CIVIC_290,CIVIC_291,CIVIC_292,CIVIC_293,CIVIC_294,CIVIC_295,CIVIC_296,CIVIC_297,CIVIC_298,CIVIC_299,CIVIC_300,CIVIC_301,CIVIC_302,CIVIC_303,CIVIC_304,CIVIC_305,CIVIC_306
7	55249091	.	T	A	.	PASS	CIVIC_ID=CIVIC_271,CIVIC_272
7	55249092	.	G	C	.	PASS	CIVIC_ID=CIVIC_271,CIVIC_272
7	55259515	.	T	G	.	PASS	CIVIC_ID=CIVIC_243,CIVIC_244,CIVIC_245,CIVIC_246,CIVIC_247,CIVIC_248,CIVIC_249,CIVIC_250,CIVIC_251,CIVIC_252
7	6426892	.	C	T	.	PASS	CIVIC_ID=CIVIC_1191
7	87138645	.	A	G	.	PASS	CIVIC_ID=CIVIC_1178,CIVIC_1179
7	87138645	.	A	T	.	PASS	CIVIC_ID=CIVIC_1178,CIVIC_1179
7	87160618	.	A	T	.	PASS	CIVIC_ID=CIVIC_1177
8	38272369	.	A	C	.	PASS	CIVIC_ID=CIVIC_1075
8	38272369	.	A	T	.	PASS	CIVIC_ID=CIVIC_1075
8	38274849	.	G	C	.	PASS	CIVIC_ID=CIVIC_1075
8	38274849	.	G	T	.	PASS	CIVIC_ID=CIVIC_1075
9	139391212	.	G	A	.	PASS	CIVIC_ID=CIVIC_856
9	139399219	.	C	G	.	PASS	CIVIC_ID=CIVIC_855
9	5073770	.	G	T	.	PASS	CIVIC_ID=CIVIC_476,CIVIC_477,CIVIC_478,CIVIC_479,CIVIC_480,CIVIC_481
9	80409488	.	T	G	.	PASS	CIVIC_ID=CIVIC_1111,CIVIC_1112
X	100611165	.	A	T	.	PASS	CIVIC_ID=CIVIC_928
X	47426121	.	C	G	.	PASS	CIVIC_ID=CIVIC_24,CIVIC_25,CIVIC_26
X	66943549	.	T	C	.	PASS	CIVIC_ID=CIVIC_935
10	131265545	.	C	T	.	PASS	CIVIC_ID=CIVIC_596
12	111884608	.	T	C	.	PASS	CIVIC_ID=CIVIC_1256
12	25360224	.	A	C	.	PASS	CIVIC_ID=CIVIC_566,CIVIC_565
12	69202580	.	T	G	.	PASS	CIVIC_ID=CIVIC_1144
13	28592642	.	C	A	.	PASS	CIVIC_ID=CIVIC_414,CIVIC_413,CIVIC_412,CIVIC_411,CIVIC_410,CIVIC_409,CIVIC_408,CIVIC_406,CIVIC_405,CIVIC_404,CIVIC_403
14	65453063	.	G	C	.	PASS	CIVIC_ID=CIVIC_1085
17	37868208	.	C	T	.	PASS	CIVIC_ID=CIVIC_384
17	7577535	.	C	G	.	PASS	CIVIC_ID=CIVIC_829,CIVIC_828
19	49377242	.	G	C	.	PASS	CIVIC_ID=CIVIC_1279
21	40191638	.	A	G	.	PASS	CIVIC_ID=CIVIC_1055
21	44514777	.	T	G	.	PASS	CIVIC_ID=CIVIC_838,CIVIC_837,CIVIC_836,CIVIC_835
21	44524456	.	G	A	.	PASS	CIVIC_ID=CIVIC_841,CIVIC_840,CIVIC_839
3	105439026	.	G	A	.	PASS	CIVIC_ID=CIVIC_1019
4	55602765	.	G	C	.	PASS	CIVIC_ID=CIVIC_485
5	1286516	.	C	A	.	PASS	CIVIC_ID=CIVIC_990
5	1295228	.	G	A	.	PASS	CIVIC_ID=CIVIC_989,CIVIC_988
7	87160618	.	A	C	.	PASS	CIVIC_ID=CIVIC_1175
9	139390861	.	G	TGT	.	PASS	CIVIC_ID=CIVIC_857
9	21975017	.	C	T	.	PASS	CIVIC_ID=CIVIC_161
